Acino Holding AG,83038961.jpg
Acino Holding AG,83038983.jpg
Acino Holding AG,88385821.jpg
Allianz Suisse Versicherungs-Gesellschaft,88268067.jpg
Allianz Suisse Versicherungs-Gesellschaft,88268130.jpg
Allreal Holding AG,88386888.jpg
Alpiq Holding AG,86212649.jpg
Aryzta AG,88268029.jpg
BKW AG,88430333.jpg
BKW AG,88430346.jpg
BKW AG,88430362.jpg
BOBST GRP N,86581160.jpg
Bucher Industries AG,88386477.jpg
Bucher Industries AG,88386680.jpg
Bühler Holding AG ,88624669.jpg
Bühler Holding AG ,88624714.jpg
Chocoladefabriken Lindt & Sprüngli AG,85757379.jpg
Compagnie Financière Richemont AG,87934316.jpg
Compagnie Financière Richemont AG,87934354.jpg
Coop,86365449.jpg
Coop,86365524.jpg
Credit Suisse Group AG,83050322.jpg
Emmi AG,87854509.jpg
Emmi AG,87854520.jpg
Ems-Chemie Holding AG,88698332.jpg
Ems-Chemie Holding AG,88698652.jpg
Franke Holding AG,88388666.jpg
Franke Holding AG,88388741.jpg
Gategroup Holding AG,88388077.jpg
Geberit AG,88387857.jpg
Givaudan SA,87956566.jpg
Givaudan SA,87956804.jpg
Givaudan SA,87956795.jpg
Graubündner Kantonalbank,88698688.jpg
Graubündner Kantonalbank,88698909.jpg
Lonza Group AG,88385545.jpg
Lonza Group AG,88385567.jpg
Lonza Group AG,88385595.jpg
Luzerner Kantonalbank AG,83274950.jpg
Medartis Holding AG,83974639.jpg
Medartis Holding AG,83974752.jpg
Mobiliar,88430391.jpg
Mobiliar,88430425.jpg
Mobimo Holding AG,87854530.jpg
Mobimo Holding AG,88267919.jpg
Mobimo Holding AG,88267843.jpg
Aktiengesellschaft für die Neue Zürcher Zeitung,87457232.jpg
Nobel Biocare Holding AG,88386443.jpg
Nobel Biocare Holding AG,88387933.jpg
Orascom Development Holding AG,88267824.jpg
Orior AG,87225991.jpg
Pargesa Holding SA,88088540.jpg
Partners Group Holding AG,87854344.jpg
Partners Group Holding AG,87854372.jpg
Partners Group Holding AG,87854382.jpg
Petroplus Holdings AG,87854274.jpg
PSP Swiss Property AG,87854231.jpg
PSP Swiss Property AG,88351586.jpg
PSP Swiss Property AG,88351676.jpg
Publigroupe SA,88058573.jpg
SGS SA,81846540.jpg
SGS SA,88055191.jpg
SGS SA,88055223.jpg
SGS SA,88267749.jpg
Sika AG,87854447.jpg
Sika AG,87854457.jpg
Sika AG,87854560.jpg
Sonova Holding AG,88387746.jpg
Sonova Holding AG,88387778.jpg
Swiss Prime Site AG,88388804.jpg
Swiss Prime Site AG,88388826.jpg
Swiss Prime Site AG,88388872.jpg
Swisscom AG,86111801.jpg
Swisscom AG,81285823.jpg
Synthes Inc,88387015.jpg
Synthes Inc,88387064.jpg
Synthes Inc,88387115.jpg
Synthes Inc,88387166.jpg
Synthes Inc,88387218.jpg
Tecan Group AG,88387560.jpg
Tecan Group AG,88387679.jpg
Tecan Group AG,88387714.jpg
The Swatch Group SA,88388677.jpg
The Swatch Group SA,88388727.jpg
Transocean Ltd,88053342.jpg
Valora Holding AG,88385835.jpg
Valora Holding AG,88385880.jpg
Würth AG,88698007.jpg
Würth AG,88698083.jpg
Xstrata plc,87854437.jpg
Xstrata plc,88267557.jpg
